
{
    "_QPVersion": "0.1.1",
    "name": "MonkeSwim-Quest",
    "id": "MonkeSwimQuest",
    "author": "AHauntedArmy",
    "version": "1.0.0",
    "packageId": "com.AnotherAxiom.GorillaTag",
    "packageVersion": "1.0.7",
    "description": "",
    "modFiles": [
        "libMonkeSwim-Quest.so"
    ],
    "libraryFiles": [
        "libbeatsaber-hook_1_3_5.so"
    ],
    "dependencies": [
        {
            "id": "monkecodegen",
            "version": ">=0.4.0",
            "downloadIfMissing": "https://github.com/RedBrumbler/MonkeCodegen/releases/latest/download/MonkeCodegen.qmod"
        },
        {
            "id": "MonkeMapLoader",
            "version": ">=1.0.2",
            "downloadIfMissing": "https://github.com/RedBrumbler/MonkeMapLoader/releases/latest/download/MonkeMapLoader.qmod"
        }
    ],
    "fileCopies":[
        {
            "name": "The Dome.gtmap",
            "destination": "/sdcard/ModData/com.AnotherAxiom.GorillaTag/Mods/MonkeMapLoader/CustomMaps/The Dome.gtmap"
        }
    ]
}