{
    "_QPVersion": "2.3.5",
    "name": "Goomps Reupload",
    "id": "TooClose",
    "author": "HGthepublisher",
    "version": "2.3.5",
    "packageId": "com.AnotherAxiom.GorillaTag",
    "packageVersion": "2.3.5",
    "description": "Hide Monkeys That Get Too Close To You",
    "coverImage": "cover.png",
    "type": "Gameplay",
    "dependencies": [
        {
            "id": "MonkeComputer",
            "version": "^1.4.2",
            "downloadIfMissing": "https://github.com/RedBrumbler/MonkeComputer/releases/latest/download/MonkeComputer.qmod"
        }
    ],
    "modFiles": [
        "libgoomps.so"
    ],
    "libraryFiles": [
    ],
    "fileCopies": [
    ]
}