{
    "_QPVersion": "0.1.0",
    "name": "GOOMPS",
    "id": "GetOutOfMyPersonalSpace",
    "author": "RedBrumbler",
    "version": "1.0.1",
    "packageId": "com.AnotherAxiom.GorillaTag",
    "packageVersion": "1.0.10",
    "description": "Hide Monkeys that get too close to you!",
    "coverImage": "cover.png",
    "type": "Gameplay",
    "dependencies": [
        {
            "id": "MonkeComputer",
            "version": "^1.4.1",
            "downloadIfMissing": "https://github.com/RedBrumbler/MonkeComputer/releases/latest/download/MonkeComputer.qmod"
        }
    ],
    "modFiles": [
        "libgoomps.so"
    ],
    "libraryFiles": [
    ],
    "fileCopies": [
    ]
}