{
  "sharedDir": "shared",
  "dependenciesDir": "extern",
  "info": {
    "name": "GOOMPS",
    "id": "GetOutOfMyPersonalSpace",
    "version": "1.0.1",
    "url": null,
    "additionalData": {
      "overrideSoName": "libgoomps.so"
    }
  },
  "dependencies": [
    {
      "id": "beatsaber-hook",
      "versionRange": "^2.0.0",
      "additionalData": {
        "extraFiles": [
          "src/inline-hook"
        ]
      }
    },
    {
      "id": "custom-types",
      "versionRange": "*",
      "additionalData": {}
    },
    {
      "id": "monkecomputer",
      "versionRange": "*",
      "additionalData": {}
    },
    {
      "id": "monkecodegen",
      "versionRange": "*",
      "additionalData": {}
    }
  ],
  "additionalData": {}
}