{
  "sharedDir": "shared",
  "dependenciesDir": "extern",
  "info": {
    "name": "Goodbye Moon Momke",
    "id": "goodbyemoonmonke",
    "version": "1.1.4",
    "url": null,
    "additionalData": {}
  },
  "dependencies": [
    {
      "id": "beatsaber-hook",
      "versionRange": "*",
      "additionalData": {
        "extraFiles": [
          "src/inline-hook"
        ]
      }
    },
    {
      "id": "monkecodegen",
      "versionRange": "*",
      "additionalData": {}
    },
    {
      "id": "custom-types",
      "versionRange": "0.8.3",
      "additionalData": {}
    },
    {
      "id": "monkecomputer",
      "versionRange": "*",
      "additionalData": {}
    }
  ],
  "additionalData": {}
}