{
  "config": {
    "sharedDir": "shared",
    "dependenciesDir": "extern",
    "info": {
      "name": "Goodbye Moon Momke",
      "id": "goodbyemoonmonke",
      "version": "1.0.1",
      "url": null,
      "additionalData": {}
    },
    "dependencies": [
      {
        "id": "beatsaber-hook",
        "versionRange": "*",
        "additionalData": {
          "extraFiles": [
            "src/inline-hook"
          ]
        }
      },
      {
        "id": "monkecodegen",
        "versionRange": "*",
        "additionalData": {}
      },
      {
        "id": "custom-types",
        "versionRange": "*",
        "additionalData": {}
      },
      {
        "id": "monkecomputer",
        "versionRange": "*",
        "additionalData": {}
      }
    ],
    "additionalData": {}
  },
  "restoredDependencies": [
    {
      "dependency": {
        "id": "beatsaber-hook",
        "versionRange": "*",
        "additionalData": {
          "extraFiles": [
            "src/inline-hook"
          ]
        }
      },
      "version": "1.3.5"
    },
    {
      "dependency": {
        "id": "modloader",
        "versionRange": "^1.0.0",
        "additionalData": {}
      },
      "version": "1.1.0"
    },
    {
      "dependency": {
        "id": "libil2cpp",
        "versionRange": ">=0.1.2<0.3.0",
        "additionalData": {}
      },
      "version": "0.2.1"
    },
    {
      "dependency": {
        "id": "monkecodegen",
        "versionRange": "*",
        "additionalData": {}
      },
      "version": "0.6.0"
    },
    {
      "dependency": {
        "id": "custom-types",
        "versionRange": "0.8.3",
        "additionalData": {}
      },
      "version": "0.8.3"
    },
    {
      "dependency": {
        "id": "beatsaber-hook",
        "versionRange": "^1.1.0",
        "additionalData": {
          "extraFiles": [
            "src/inline-hook"
          ]
        }
      },
      "version": "1.3.3"
    },
    {
      "dependency": {
        "id": "monkecomputer",
        "versionRange": "*",
        "additionalData": {}
      },
      "version": "1.5.2"
    },
    {
      "dependency": {
        "id": "quest-cosmetic-loader",
        "versionRange": "*",
        "additionalData": {}
      },
      "version": "0.1.4"
    },
    {
      "dependency": {
        "id": "zip",
        "versionRange": "*",
        "additionalData": {}
      },
      "version": "1.7.4"
    },
    {
      "dependency": {
        "id": "gorilla-utils",
        "versionRange": "*",
        "additionalData": {}
      },
      "version": "0.1.5"
    }
  ]
}