{
    "_QPVersion":  "0.1.1",
    "name":  "PaintBall",
    "id":  "paintball",
    "author":  "RedBrumbler",
    "version":  "0.1.0",
    "packageId":  "com.AnotherAxiom.GorillaTag",
    "packageVersion":  "1.0.8",
    "description":  "Set other people\u0027s color with this mod!\ncopy your own or generate a random one",
    "coverImage":  "cover.png",
    "type":  "Gameplay",
    "dependencies":  [
                         {
                             "id":  "MonkeComputer",
                             "version":  "\u003e=1.6.2",
                             "downloadIfMissing":  "https://github.com/SkyIsntFound/All-Quest-mods/releases/download/V1.1.2/MonkeComputer.qmod"
                         }
                     ],
    "modFiles":  [
                     "libpaintball.so"
                 ],
    "libraryFiles":  [

                     ],
    "fileCopies":  [

                   ]
}
