{
    "_QPVersion": "0.1.0",
    "name": "Monke Skies",
    "id": "MonkeSkies",
    "author": "Raemien",
    "coverImage": "cover.png",
    "description": "Import your own 360 images as custom sky textures!\nScans the 'MonkeSkies' ModData folder for imported images.",
    "version": "1.0.6",
    "packageId": "com.AnotherAxiom.GorillaTag",
    "packageVersion": "1.0.8",
    "dependencies": [
        {
            "id": "MonkeComputer",
            "version": "^1.5.1",
            "downloadIfMissing": "https://github.com/RedBrumbler/MonkeComputer/releases/download/1.5.1/MonkeComputer.qmod"
        }
    ],
    "modFiles": [
        "libmonkeskies.so"
    ],
    "libraryFiles": [
        "libbeatsaber-hook_1_3_3.so"
    ],
    "fileCopies": [
    ]
}
